task,discipline,category,primary_cluster,primary_score,secondary_clusters,all_candidate_clusters,card_path
bund-volume-calculation,civil,oil-containment,SSC-16,4.5,SSC-19;SSC-06,SSC-16:4.5;SSC-19:1.5;SSC-06:1.5,docs/task-world-opportunities/task-cards/civil/bund-volume-calculation.md
cant-calculation,civil,track-geometry,SSC-02,3.5,,SSC-02:3.5;SSC-20:1.5,docs/task-world-opportunities/task-cards/civil/cant-calculation.md
cerc-longshore-transport,civil,sediment-transport,SSC-04,3.5,SSC-16;SSC-06,SSC-04:3.5;SSC-16:1.5;SSC-06:1.5;SSC-05:1.5;SSC-03:1.5,docs/task-world-opportunities/task-cards/civil/cerc-longshore-transport.md
culvert-capacity,civil,culvert-design,SSC-03,3.5,SSC-17,SSC-03:3.5;SSC-17:1.5,docs/task-world-opportunities/task-cards/civil/culvert-capacity.md
curve-elements,civil,horizontal-geometry,SSC-01,4.5,SSC-06,SSC-01:4.5;SSC-06:1.5,docs/task-world-opportunities/task-cards/civil/curve-elements.md
darcy-weisbach-headloss,civil,pipe-hydraulics,SSC-11,4.5,SSC-06;SSC-03,SSC-11:4.5;SSC-06:1.5;SSC-03:1.5,docs/task-world-opportunities/task-cards/civil/darcy-weisbach-headloss.md
design-wind-pressure,civil,wind-load-derivation,SSC-09,3.5,SSC-14;SSC-01,SSC-09:3.5;SSC-14:2.5;SSC-01:1.5,docs/task-world-opportunities/task-cards/civil/design-wind-pressure.md
design-wind-speed,civil,wind-load-derivation,SSC-14,2.5,SSC-09;SSC-16,SSC-14:2.5;SSC-09:2.5;SSC-20:1.5;SSC-16:1.5;SSC-01:1.5,docs/task-world-opportunities/task-cards/civil/design-wind-speed.md
detention-volume-preliminary,civil,detention-design,SSC-03,3.5,SSC-17,SSC-03:3.5;SSC-17:2.5,docs/task-world-opportunities/task-cards/civil/detention-volume-preliminary.md
downpipe-sizing,civil,stormwater-roof,SSC-03,5.5,SSC-09;SSC-17,SSC-03:5.5;SSC-09:2.5;SSC-17:1.5,docs/task-world-opportunities/task-cards/civil/downpipe-sizing.md
driveway-gradient-check,civil,driveway-access,SSC-15,1.5,SSC-02;SSC-01,SSC-15:1.5;SSC-02:1.5;SSC-01:1.5,docs/task-world-opportunities/task-cards/civil/driveway-gradient-check.md
exit-gradient,civil,seepage-analysis,SSC-07,4.5,SSC-14;SSC-11,SSC-07:4.5;SSC-14:1.5;SSC-11:1.5;SSC-06:1.5;SSC-02:1.5,docs/task-world-opportunities/task-cards/civil/exit-gradient.md
flap-gate-headloss,civil,outfall-hydraulics,SSC-03,5.5,SSC-17;SSC-11,SSC-03:5.5;SSC-17:1.5;SSC-11:1.5;SSC-04:1.5,docs/task-world-opportunities/task-cards/civil/flap-gate-headloss.md
fos-rapid-drawdown,civil,slope-stability,SSC-07,2.5,SSC-14;SSC-11,SSC-07:2.5;SSC-14:1.5;SSC-11:1.5,docs/task-world-opportunities/task-cards/civil/fos-rapid-drawdown.md
fos-seismic,civil,slope-stability,SSC-07,2.5,SSC-14;SSC-11,SSC-07:2.5;SSC-14:1.5;SSC-11:1.5,docs/task-world-opportunities/task-cards/civil/fos-seismic.md
fos-steady-state,civil,slope-stability,SSC-07,2.5,SSC-14;SSC-11,SSC-07:2.5;SSC-14:1.5;SSC-11:1.5,docs/task-world-opportunities/task-cards/civil/fos-steady-state.md
freeboard-calculation,civil,coastal-drainage,SSC-04,5.5,SSC-17;SSC-16,SSC-04:5.5;SSC-17:1.5;SSC-16:1.5;SSC-10:1.5;SSC-09:1.5;SSC-03:1.5,docs/task-world-opportunities/task-cards/civil/freeboard-calculation.md
gutter-sizing,civil,stormwater-roof,SSC-03,5.5,SSC-09;SSC-17,SSC-03:5.5;SSC-09:2.5;SSC-17:1.5,docs/task-world-opportunities/task-cards/civil/gutter-sizing.md
hazen-williams-headloss,civil,pipe-hydraulics,SSC-11,4.5,SSC-06;SSC-03,SSC-11:4.5;SSC-06:1.5;SSC-03:1.5,docs/task-world-opportunities/task-cards/civil/hazen-williams-headloss.md
hgl-check,civil,stormwater-piped,SSC-03,5.5,SSC-17;SSC-11,SSC-03:5.5;SSC-17:1.5;SSC-11:1.5,docs/task-world-opportunities/task-cards/civil/hgl-check.md
hudson-armor-sizing,civil,armor-stability,SSC-04,4.5,SSC-14;SSC-06,SSC-04:4.5;SSC-14:1.5;SSC-06:1.5,docs/task-world-opportunities/task-cards/civil/hudson-armor-sizing.md
intersection-sight-distance,civil,sight-distance,SSC-01,3.5,,SSC-01:3.5,docs/task-world-opportunities/task-cards/civil/intersection-sight-distance.md
lateral-earth-pressure,civil,slope-stability,SSC-07,5.5,SSC-14;SSC-11,SSC-07:5.5;SSC-14:1.5;SSC-11:1.5,docs/task-world-opportunities/task-cards/civil/lateral-earth-pressure.md
linear-wave-theory,civil,wave-climate,SSC-04,2.5,SSC-11;SSC-06,SSC-04:2.5;SSC-11:1.5;SSC-06:1.5,docs/task-world-opportunities/task-cards/civil/linear-wave-theory.md
mannings-pipe-capacity,civil,hydraulic-calculations,SSC-03,4.5,SSC-11;SSC-17,SSC-03:4.5;SSC-11:2.5;SSC-17:1.5,docs/task-world-opportunities/task-cards/civil/mannings-pipe-capacity.md
min-curve-radius,civil,horizontal-geometry,SSC-01,2.5,SSC-11;SSC-06,SSC-01:2.5;SSC-11:1.5;SSC-06:1.5,docs/task-world-opportunities/task-cards/civil/min-curve-radius.md
npsh-calculation,civil,pump-station,SSC-06,4.5,,SSC-06:4.5,docs/task-world-opportunities/task-cards/civil/npsh-calculation.md
open-channel-capacity,civil,hydraulic-calculations,SSC-03,4.5,SSC-17;SSC-11,SSC-03:4.5;SSC-17:1.5;SSC-11:1.5,docs/task-world-opportunities/task-cards/civil/open-channel-capacity.md
orifice-outlet-design,civil,detention-design,SSC-03,3.5,SSC-17,SSC-03:3.5;SSC-17:1.5,docs/task-world-opportunities/task-cards/civil/orifice-outlet-design.md
outfall-submergence-check,civil,outfall-hydraulics,SSC-04,4.5,SSC-03;SSC-17,SSC-04:4.5;SSC-03:2.5;SSC-17:1.5,docs/task-world-opportunities/task-cards/civil/outfall-submergence-check.md
pipe-invert-calculation,civil,stormwater-piped,SSC-03,3.5,SSC-17;SSC-14,SSC-03:3.5;SSC-17:1.5;SSC-14:1.5;SSC-11:1.5,docs/task-world-opportunities/task-cards/civil/pipe-invert-calculation.md
pipe-velocity-check,civil,pipe-hydraulics,SSC-11,2.5,SSC-15;SSC-06,SSC-11:2.5;SSC-15:1.5;SSC-06:1.5;SSC-03:1.5,docs/task-world-opportunities/task-cards/civil/pipe-velocity-check.md
pollutant-load-estimate,civil,water-quality,SSC-03,4.5,SSC-17;SSC-16,SSC-03:4.5;SSC-17:2.5;SSC-16:2.5;SSC-14:1.5;SSC-10:1.5,docs/task-world-opportunities/task-cards/civil/pollutant-load-estimate.md
pump-power-calc,civil,pump-station,SSC-06,6.5,SSC-10;SSC-03,SSC-06:6.5;SSC-10:1.5;SSC-03:1.5,docs/task-world-opportunities/task-cards/civil/pump-power-calc.md
rational-method,civil,hydrologic-calculations,SSC-03,2.5,SSC-17,SSC-03:2.5;SSC-17:1.5,docs/task-world-opportunities/task-cards/civil/rational-method.md
retaining-wall-stability,civil,slope-stability,SSC-07,6.5,SSC-14;SSC-11,SSC-07:6.5;SSC-14:4.5;SSC-20:1.5;SSC-11:1.5,docs/task-world-opportunities/task-cards/civil/retaining-wall-stability.md
roadway-spread,civil,hydraulic-calculations,SSC-03,6.5,SSC-17;SSC-09,SSC-03:6.5;SSC-17:1.5;SSC-09:1.5;SSC-01:1.5,docs/task-world-opportunities/task-cards/civil/roadway-spread.md
scs-curve-number,civil,hydrologic-calculations,SSC-03,2.5,SSC-17;SSC-06,SSC-03:2.5;SSC-17:1.5;SSC-06:1.5,docs/task-world-opportunities/task-cards/civil/scs-curve-number.md
sediment-basin-sizing,civil,erosion-sediment,SSC-16,3.5,SSC-03;SSC-17,SSC-16:3.5;SSC-03:2.5;SSC-17:1.5;SSC-07:1.5,docs/task-world-opportunities/task-cards/civil/sediment-basin-sizing.md
sewer-pipe-sizing,civil,gravity-sewer,SSC-03,3.5,SSC-11;SSC-06,SSC-03:3.5;SSC-11:1.5;SSC-06:1.5,docs/task-world-opportunities/task-cards/civil/sewer-pipe-sizing.md
sewer-slope-check,civil,gravity-sewer,SSC-03,2.5,SSC-15;SSC-11,SSC-03:2.5;SSC-15:1.5;SSC-11:1.5;SSC-07:1.5;SSC-06:1.5,docs/task-world-opportunities/task-cards/civil/sewer-slope-check.md
sls-load-combinations,civil,load-combinations,SSC-14,3.5,SSC-09,SSC-14:3.5;SSC-09:1.5,docs/task-world-opportunities/task-cards/civil/sls-load-combinations.md
solar-array-wind-load,civil,wind-load-derivation,SSC-17,4.5,SSC-09;SSC-07,SSC-17:4.5;SSC-09:2.5;SSC-07:2.5;SSC-05:2.5;SSC-14:1.5,docs/task-world-opportunities/task-cards/civil/solar-array-wind-load.md
spillway-weir-capacity,civil,spillway-hydraulics,SSC-06,1.5,SSC-03,SSC-06:1.5;SSC-03:1.5,docs/task-world-opportunities/task-cards/civil/spillway-weir-capacity.md
ssd-on-grade,civil,sight-distance,SSC-01,3.5,SSC-14,SSC-01:3.5;SSC-14:1.5,docs/task-world-opportunities/task-cards/civil/ssd-on-grade.md
stilling-basin-sizing,civil,spillway-hydraulics,SSC-17,1.5,SSC-06;SSC-03,SSC-17:1.5;SSC-06:1.5;SSC-03:1.5,docs/task-world-opportunities/task-cards/civil/stilling-basin-sizing.md
superelevation-rate,civil,horizontal-geometry,SSC-01,2.5,SSC-11,SSC-01:2.5;SSC-11:1.5,docs/task-world-opportunities/task-cards/civil/superelevation-rate.md
thermal-stress-calculation,civil,rail-stress,SSC-02,2.5,,SSC-02:2.5;SSC-20:1.5,docs/task-world-opportunities/task-cards/civil/thermal-stress-calculation.md
tidal-prism,civil,tidal-water-levels,SSC-04,3.5,SSC-11;SSC-06,SSC-04:3.5;SSC-11:1.5;SSC-06:1.5;SSC-03:1.5,docs/task-world-opportunities/task-cards/civil/tidal-prism.md
transition-spiral-length,civil,track-geometry,SSC-02,4.5,SSC-17,SSC-02:4.5;SSC-20:1.5;SSC-17:1.5,docs/task-world-opportunities/task-cards/civil/transition-spiral-length.md
uls-load-combinations,civil,load-combinations,SSC-14,3.5,SSC-09,SSC-14:3.5;SSC-09:1.5,docs/task-world-opportunities/task-cards/civil/uls-load-combinations.md
uplift-pressure,civil,seepage-analysis,SSC-07,3.5,SSC-14;SSC-06,SSC-07:3.5;SSC-14:2.5;SSC-06:2.5;SSC-15:1.5,docs/task-world-opportunities/task-cards/civil/uplift-pressure.md
vertical-curve-design,civil,track-geometry,SSC-02,3.5,SSC-06,SSC-02:3.5;SSC-20:1.5;SSC-06:1.5,docs/task-world-opportunities/task-cards/civil/vertical-curve-design.md
wave-breaking,civil,wave-climate,SSC-04,3.5,SSC-07;SSC-06,SSC-04:3.5;SSC-07:1.5;SSC-06:1.5,docs/task-world-opportunities/task-cards/civil/wave-breaking.md
wave-runup,civil,wave-overtopping,SSC-04,3.5,SSC-06,SSC-04:3.5;SSC-06:1.5,docs/task-world-opportunities/task-cards/civil/wave-runup.md
wave-shoaling,civil,wave-climate,SSC-04,3.5,SSC-06,SSC-04:3.5;SSC-06:1.5,docs/task-world-opportunities/task-cards/civil/wave-shoaling.md
weir-outlet-design,civil,detention-design,SSC-03,3.5,SSC-17,SSC-03:3.5;SSC-17:1.5,docs/task-world-opportunities/task-cards/civil/weir-outlet-design.md
ac-resistance-temperature,electrical,electrical-parameters,SSC-17,1.5,SSC-15;SSC-05,SSC-17:1.5;SSC-15:1.5;SSC-05:1.5,docs/task-world-opportunities/task-cards/electrical/ac-resistance-temperature.md
access-controller-sizing,electrical,access-control,SSC-05,4.5,SSC-17;SSC-08,SSC-05:4.5;SSC-17:3.5;SSC-08:3.5,docs/task-world-opportunities/task-cards/electrical/access-controller-sizing.md
all-red-interval-calculation,electrical,signal-timing,SSC-01,4.5,SSC-08;SSC-05,SSC-01:4.5;SSC-20:1.5;SSC-08:1.5;SSC-05:1.5,docs/task-world-opportunities/task-cards/electrical/all-red-interval-calculation.md
bandwidth-calculation,electrical,its-communications,SSC-13,4.5,SSC-05;SSC-01,SSC-13:4.5;SSC-05:1.5;SSC-01:1.5,docs/task-world-opportunities/task-cards/electrical/bandwidth-calculation.md
battery-sizing,electrical,power-supply,SSC-05,5.5,SSC-17,SSC-05:5.5;SSC-17:4.5,docs/task-world-opportunities/task-cards/electrical/battery-sizing.md
bess-sizing,electrical,bess-design,SSC-17,5.5,SSC-05;SSC-06,SSC-17:5.5;SSC-05:3.5;SSC-06:1.5,docs/task-world-opportunities/task-cards/electrical/bess-sizing.md
bess-sizing-basic,electrical,bess-design,SSC-17,4.5,SSC-05,SSC-17:4.5;SSC-05:2.5,docs/task-world-opportunities/task-cards/electrical/bess-sizing-basic.md
busbar-forces,electrical,busbar-design,SSC-05,3.5,SSC-17;SSC-15,SSC-05:3.5;SSC-17:1.5;SSC-15:1.5;SSC-11:1.5;SSC-14:1,docs/task-world-opportunities/task-cards/electrical/busbar-forces.md
cable-ampacity,electrical,cable-sizing,SSC-05,3.5,SSC-17,SSC-05:3.5;SSC-17:1.5,docs/task-world-opportunities/task-cards/electrical/cable-ampacity.md
car-dimensions-check,electrical,shaft-sizing,SSC-08,3.5,SSC-17;SSC-05,SSC-08:3.5;SSC-17:1.5;SSC-05:1.5,docs/task-world-opportunities/task-cards/electrical/car-dimensions-check.md
cctv-storage-calculation,electrical,cctv-design,SSC-17,1.5,SSC-13;SSC-08,SSC-17:1.5;SSC-13:1.5;SSC-08:1.5;SSC-05:1.5,docs/task-world-opportunities/task-cards/electrical/cctv-storage-calculation.md
conduit-fill-calculation,electrical,structured-cabling,SSC-13,2.5,SSC-17;SSC-05,SSC-13:2.5;SSC-17:1.5;SSC-05:1.5,docs/task-world-opportunities/task-cards/electrical/conduit-fill-calculation.md
cv-liquid-incompressible,electrical,control-valve-sizing,SSC-18,4.5,SSC-17;SSC-05,SSC-18:4.5;SSC-17:1.5;SSC-05:1.5,docs/task-world-opportunities/task-cards/electrical/cv-liquid-incompressible.md
dc-ac-ratio,electrical,solar-pv-design,SSC-17,6.5,SSC-05,SSC-17:6.5;SSC-05:3.5,docs/task-world-opportunities/task-cards/electrical/dc-ac-ratio.md
escalator-capacity,electrical,escalator-design,SSC-17,1.5,SSC-08;SSC-05,SSC-17:1.5;SSC-08:1.5;SSC-05:1.5,docs/task-world-opportunities/task-cards/electrical/escalator-capacity.md
fiber-link-loss-budget,electrical,structured-cabling,SSC-13,2.5,SSC-17;SSC-05,SSC-13:2.5;SSC-17:1.5;SSC-05:1.5,docs/task-world-opportunities/task-cards/electrical/fiber-link-loss-budget.md
4-20ma-scaling,electrical,signal-processing,SSC-18,4.5,SSC-10;SSC-05,SSC-18:4.5;SSC-10:1.5;SSC-05:1.5,docs/task-world-opportunities/task-cards/electrical/4-20ma-scaling.md
grid-resistance,electrical,grounding-design,SSC-05,4.5,SSC-07;SSC-17,SSC-05:4.5;SSC-07:3.5;SSC-17:1.5,docs/task-world-opportunities/task-cards/electrical/grid-resistance.md
handling-capacity,electrical,traffic-analysis,SSC-08,2.5,SSC-05;SSC-01,SSC-08:2.5;SSC-05:1.5;SSC-01:1.5,docs/task-world-opportunities/task-cards/electrical/handling-capacity.md
ice-load-calculation,electrical,structural-loading,SSC-14,2,SSC-09;SSC-05,SSC-14:2;SSC-09:1.5;SSC-05:1.5,docs/task-world-opportunities/task-cards/electrical/ice-load-calculation.md
incident-energy,electrical,arc-flash,SSC-05,3.5,SSC-19;SSC-17,SSC-05:3.5;SSC-19:2.5;SSC-17:2.5;SSC-20:1.5,docs/task-world-opportunities/task-cards/electrical/incident-energy.md
interior-uniformity,electrical,interior-lighting,SSC-13,4.5,SSC-05,SSC-13:4.5;SSC-05:1.5,docs/task-world-opportunities/task-cards/electrical/interior-uniformity.md
interval-calculation,electrical,traffic-analysis,SSC-08,2.5,SSC-05;SSC-01,SSC-08:2.5;SSC-05:1.5;SSC-01:1.5,docs/task-world-opportunities/task-cards/electrical/interval-calculation.md
leni-calculation,electrical,energy-performance,SSC-13,2.5,SSC-17;SSC-05,SSC-13:2.5;SSC-17:1.5;SSC-05:1.5,docs/task-world-opportunities/task-cards/electrical/leni-calculation.md
line-capacitance,electrical,electrical-parameters,SSC-17,1.5,SSC-11;SSC-05,SSC-17:1.5;SSC-11:1.5;SSC-05:1.5,docs/task-world-opportunities/task-cards/electrical/line-capacitance.md
line-inductance,electrical,electrical-parameters,SSC-17,1.5,SSC-05,SSC-17:1.5;SSC-05:1.5,docs/task-world-opportunities/task-cards/electrical/line-inductance.md
lux-level-calculation,electrical,lighting-design,SSC-13,3.5,SSC-08;SSC-05,SSC-13:3.5;SSC-08:1.5;SSC-05:1.5,docs/task-world-opportunities/task-cards/electrical/lux-level-calculation.md
overlap-calculation,electrical,signal-sighting,SSC-02,5.5,SSC-13;SSC-05,SSC-02:5.5;SSC-13:1.5;SSC-05:1.5,docs/task-world-opportunities/task-cards/electrical/overlap-calculation.md
pedestrian-clearance-time,electrical,signal-timing,SSC-01,4.5,SSC-05,SSC-01:4.5;SSC-20:1.5;SSC-05:1.5,docs/task-world-opportunities/task-cards/electrical/pedestrian-clearance-time.md
pfc-sizing,electrical,load-flow,SSC-05,3.5,SSC-14,SSC-05:3.5;SSC-14:1,docs/task-world-opportunities/task-cards/electrical/pfc-sizing.md
poe-power-budget,electrical,poe-network,SSC-13,2.5,SSC-05;SSC-17,SSC-13:2.5;SSC-05:2.5;SSC-17:1.5,docs/task-world-opportunities/task-cards/electrical/poe-power-budget.md
power-load-calculation,electrical,power-supply,SSC-05,2.5,SSC-06;SSC-02,SSC-05:2.5;SSC-06:1.5;SSC-02:1.5;SSC-14:1,docs/task-world-opportunities/task-cards/electrical/power-load-calculation.md
ppm-calculation,electrical,cctv-design,SSC-13,2.5,SSC-08;SSC-05,SSC-13:2.5;SSC-08:1.5;SSC-05:1.5,docs/task-world-opportunities/task-cards/electrical/ppm-calculation.md
radial-feeder-voltage-drop,electrical,load-flow,SSC-05,5.5,SSC-14,SSC-05:5.5;SSC-14:2,docs/task-world-opportunities/task-cards/electrical/radial-feeder-voltage-drop.md
rf-link-budget,electrical,wireless-design,SSC-13,3.5,SSC-05,SSC-13:3.5;SSC-05:1.5,docs/task-world-opportunities/task-cards/electrical/rf-link-budget.md
road-aeci-calculation,electrical,energy-performance,SSC-17,2.5,SSC-13;SSC-01,SSC-17:2.5;SSC-13:2.5;SSC-01:2.5;SSC-05:1.5,docs/task-world-opportunities/task-cards/electrical/road-aeci-calculation.md
road-pdi-calculation,electrical,energy-performance,SSC-13,2.5,SSC-01;SSC-17,SSC-13:2.5;SSC-01:2.5;SSC-17:1.5;SSC-05:1.5,docs/task-world-opportunities/task-cards/electrical/road-pdi-calculation.md
road-uniformity-check,electrical,road-lighting,SSC-13,2.5,SSC-01;SSC-05,SSC-13:2.5;SSC-01:2.5;SSC-05:1.5,docs/task-world-opportunities/task-cards/electrical/road-uniformity-check.md
shaft-dimensions,electrical,shaft-sizing,SSC-08,2.5,SSC-17;SSC-05,SSC-08:2.5;SSC-17:1.5;SSC-05:1.5,docs/task-world-opportunities/task-cards/electrical/shaft-dimensions.md
signal-sighting-distance,electrical,signal-sighting,SSC-02,5.5,SSC-13;SSC-05,SSC-02:5.5;SSC-13:1.5;SSC-05:1.5;SSC-14:1,docs/task-world-opportunities/task-cards/electrical/signal-sighting-distance.md
single-span-sag-tension,electrical,catenary-design,SSC-02,2.5,SSC-17;SSC-05,SSC-02:2.5;SSC-17:1.5;SSC-05:1.5,docs/task-world-opportunities/task-cards/electrical/single-span-sag-tension.md
sports-illuminance-uniformity,electrical,sports-lighting,SSC-13,4.5,SSC-05,SSC-13:4.5;SSC-05:1.5,docs/task-world-opportunities/task-cards/electrical/sports-illuminance-uniformity.md
static-thermal-rating,electrical,thermal-rating,SSC-05,3.5,SSC-17,SSC-05:3.5;SSC-17:1.5,docs/task-world-opportunities/task-cards/electrical/static-thermal-rating.md
string-sizing,electrical,solar-pv-design,SSC-17,4.5,SSC-05;SSC-16,SSC-17:4.5;SSC-05:4.5;SSC-16:1.5,docs/task-world-opportunities/task-cards/electrical/string-sizing.md
three-phase-fault-current,electrical,short-circuit,SSC-05,4.5,SSC-17,SSC-05:4.5;SSC-17:1.5,docs/task-world-opportunities/task-cards/electrical/three-phase-fault-current.md
vms-legibility-distance,electrical,vms-design,SSC-01,3.5,SSC-13;SSC-17,SSC-01:3.5;SSC-13:2.5;SSC-20:1.5;SSC-17:1.5;SSC-05:1.5,docs/task-world-opportunities/task-cards/electrical/vms-legibility-distance.md
voltage-drop,electrical,cable-sizing,SSC-05,4.5,SSC-17;SSC-15,SSC-05:4.5;SSC-17:1.5;SSC-15:1.5,docs/task-world-opportunities/task-cards/electrical/voltage-drop.md
voltage-drop-dc,electrical,solar-pv-design,SSC-05,6.5,SSC-17;SSC-07,SSC-05:6.5;SSC-17:4.5;SSC-07:1.5,docs/task-world-opportunities/task-cards/electrical/voltage-drop-dc.md
voltage-regulation,electrical,electrical-parameters,SSC-05,3.5,SSC-17;SSC-14,SSC-05:3.5;SSC-17:1.5;SSC-14:1,docs/task-world-opportunities/task-cards/electrical/voltage-regulation.md
warning-time-calculation,electrical,level-crossings,SSC-02,4.5,SSC-13;SSC-05,SSC-02:4.5;SSC-13:1.5;SSC-05:1.5,docs/task-world-opportunities/task-cards/electrical/warning-time-calculation.md
wind-load-conductor,electrical,structural-loading,SSC-14,2,SSC-09;SSC-05,SSC-14:2;SSC-09:1.5;SSC-05:1.5,docs/task-world-opportunities/task-cards/electrical/wind-load-conductor.md
yellow-interval-calculation,electrical,signal-timing,SSC-01,4.5,SSC-08;SSC-05,SSC-01:4.5;SSC-20:1.5;SSC-08:1.5;SSC-05:1.5,docs/task-world-opportunities/task-cards/electrical/yellow-interval-calculation.md
consolidation-settlement,ground,shallow-foundations,SSC-07,4.5,,SSC-07:4.5,docs/task-world-opportunities/task-cards/ground/consolidation-settlement.md
cpt-parameter-derivation,ground,soil-interpretation,SSC-07,4.5,,SSC-07:4.5,docs/task-world-opportunities/task-cards/ground/cpt-parameter-derivation.md
immediate-settlement,ground,shallow-foundations,SSC-07,3.5,,SSC-07:3.5,docs/task-world-opportunities/task-cards/ground/immediate-settlement.md
infinite-slope,ground,slope-stability,SSC-07,3.5,SSC-14;SSC-11,SSC-07:3.5;SSC-14:1.5;SSC-11:1,docs/task-world-opportunities/task-cards/ground/infinite-slope.md
lateral-earth-pressure,ground,retaining-walls,SSC-07,5.5,SSC-11,SSC-07:5.5;SSC-11:1,docs/task-world-opportunities/task-cards/ground/lateral-earth-pressure.md
meyerhof-bearing-capacity,ground,shallow-foundations,SSC-07,3.5,SSC-14;SSC-11,SSC-07:3.5;SSC-14:1.5;SSC-11:1,docs/task-world-opportunities/task-cards/ground/meyerhof-bearing-capacity.md
spt-corrections,ground,soil-interpretation,SSC-07,5.5,,SSC-07:5.5,docs/task-world-opportunities/task-cards/ground/spt-corrections.md
terzaghi-bearing-capacity,ground,shallow-foundations,SSC-07,3.5,SSC-14;SSC-11,SSC-07:3.5;SSC-14:1.5;SSC-11:1,docs/task-world-opportunities/task-cards/ground/terzaghi-bearing-capacity.md
wall-bearing,ground,retaining-walls,SSC-07,6.5,SSC-14;SSC-11,SSC-07:6.5;SSC-14:1.5;SSC-11:1,docs/task-world-opportunities/task-cards/ground/wall-bearing.md
wall-overturning,ground,retaining-walls,SSC-07,4.5,SSC-14;SSC-11,SSC-07:4.5;SSC-14:2.5;SSC-20:1.5;SSC-11:1,docs/task-world-opportunities/task-cards/ground/wall-overturning.md
a-weighting,mechanical,fundamental-calculations,SSC-12,2.5,SSC-06,SSC-12:2.5;SSC-06:1.5,docs/task-world-opportunities/task-cards/mechanical/a-weighting.md
air-changes,mechanical,ventilation,SSC-08,3.5,SSC-17,SSC-08:3.5;SSC-17:1.5,docs/task-world-opportunities/task-cards/mechanical/air-changes.md
air-demand,mechanical,compressed-air,SSC-06,2.5,SSC-17,SSC-06:2.5;SSC-17:1.5,docs/task-world-opportunities/task-cards/mechanical/air-demand.md
available-flow-calculation,mechanical,hydrant-flow-test,SSC-19,2.5,SSC-06,SSC-19:2.5;SSC-20:1.5;SSC-06:1.5,docs/task-world-opportunities/task-cards/mechanical/available-flow-calculation.md
biogas-production,mechanical,sludge-handling,SSC-10,3.5,SSC-17;SSC-06,SSC-10:3.5;SSC-17:1.5;SSC-06:1.5,docs/task-world-opportunities/task-cards/mechanical/biogas-production.md
braking-distance,mechanical,braking-systems,SSC-02,2.5,SSC-06,SSC-02:2.5;SSC-06:1.5,docs/task-world-opportunities/task-cards/mechanical/braking-distance.md
chemical-dosing,mechanical,fundamental-calculations,SSC-10,2.5,SSC-06,SSC-10:2.5;SSC-06:1.5,docs/task-world-opportunities/task-cards/mechanical/chemical-dosing.md
cstr-volume,mechanical,reactor-sizing,SSC-14,1.5,SSC-10;SSC-06,SSC-14:1.5;SSC-10:1.5;SSC-06:1.5,docs/task-world-opportunities/task-cards/mechanical/cstr-volume.md
davis-resistance,mechanical,train-resistance-dynamics,SSC-02,2.5,SSC-17,SSC-02:2.5;SSC-17:1.5,docs/task-world-opportunities/task-cards/mechanical/davis-resistance.md
distance-attenuation,mechanical,fundamental-calculations,SSC-12,2.5,SSC-06,SSC-12:2.5;SSC-06:1.5,docs/task-world-opportunities/task-cards/mechanical/distance-attenuation.md
egress-width,mechanical,egress-modeling,SSC-08,3.5,SSC-14,SSC-08:3.5;SSC-20:1.5;SSC-14:1.5,docs/task-world-opportunities/task-cards/mechanical/egress-width.md
elevation-pressure,mechanical,sprinkler-hydraulics,SSC-19,1.5,SSC-06,SSC-20:1.5;SSC-19:1.5;SSC-06:1.5,docs/task-world-opportunities/task-cards/mechanical/elevation-pressure.md
friction-loss-hazen-williams,mechanical,sprinkler-hydraulics,SSC-11,3.5,SSC-19;SSC-06,SSC-11:3.5;SSC-19:2.5;SSC-20:1.5;SSC-06:1.5;SSC-03:1.5,docs/task-world-opportunities/task-cards/mechanical/friction-loss-hazen-williams.md
gas-load-calculation,mechanical,gas-services,SSC-17,1.5,SSC-14;SSC-08,SSC-17:1.5;SSC-14:1.5;SSC-08:1.5,docs/task-world-opportunities/task-cards/mechanical/gas-load-calculation.md
gci-calculation,mechanical,mesh-independence,SSC-06,1.5,,SSC-06:1.5,docs/task-world-opportunities/task-cards/mechanical/gci-calculation.md
hazen-williams-friction,mechanical,pipe-hydraulics,SSC-11,3.5,SSC-06;SSC-03,SSC-11:3.5;SSC-06:1.5;SSC-03:1.5,docs/task-world-opportunities/task-cards/mechanical/hazen-williams-friction.md
hrt-calculation,mechanical,fundamental-calculations,SSC-10,3.5,SSC-06;SSC-03,SSC-10:3.5;SSC-06:1.5;SSC-03:1.5,docs/task-world-opportunities/task-cards/mechanical/hrt-calculation.md
joukowsky-pressure,mechanical,transient-analysis,SSC-11,2.5,SSC-06,SSC-11:2.5;SSC-06:1.5,docs/task-world-opportunities/task-cards/mechanical/joukowsky-pressure.md
lmtd-calculation,mechanical,heat-exchanger-design,SSC-06,1.5,,SSC-06:1.5,docs/task-world-opportunities/task-cards/mechanical/lmtd-calculation.md
mass-balance,mechanical,convergence-assessment,SSC-10,2.5,SSC-06,SSC-10:2.5;SSC-06:1.5,docs/task-world-opportunities/task-cards/mechanical/mass-balance.md
miner-fatigue,mechanical,fatigue-analysis,SSC-12,2.5,SSC-06,SSC-12:2.5;SSC-06:1.5,docs/task-world-opportunities/task-cards/mechanical/miner-fatigue.md
minor-losses-calculation,mechanical,pipe-hydraulics,SSC-11,2.5,SSC-06;SSC-03,SSC-11:2.5;SSC-06:2.5;SSC-03:1.5,docs/task-world-opportunities/task-cards/mechanical/minor-losses-calculation.md
mlss-inventory,mechanical,fundamental-calculations,SSC-10,4.5,SSC-06,SSC-10:4.5;SSC-06:1.5,docs/task-world-opportunities/task-cards/mechanical/mlss-inventory.md
nac-load-calculation,mechanical,fire-services,SSC-19,2.5,SSC-14;SSC-08,SSC-19:2.5;SSC-20:1.5;SSC-14:1.5;SSC-08:1.5,docs/task-world-opportunities/task-cards/mechanical/nac-load-calculation.md
nitrification-srt,mechanical,nutrient-removal,SSC-10,5.5,SSC-06,SSC-10:5.5;SSC-06:1.5,docs/task-world-opportunities/task-cards/mechanical/nitrification-srt.md
npsh-available,mechanical,pump-hydraulics,SSC-06,4.5,SSC-03,SSC-06:4.5;SSC-03:2.5,docs/task-world-opportunities/task-cards/mechanical/npsh-available.md
occupant-load,mechanical,prescriptive-compliance,SSC-08,2.5,SSC-15;SSC-14,SSC-08:2.5;SSC-20:1.5;SSC-15:1.5;SSC-14:1.5,docs/task-world-opportunities/task-cards/mechanical/occupant-load.md
oxygen-requirements,mechanical,activated-sludge,SSC-10,4.5,SSC-17;SSC-06,SSC-10:4.5;SSC-17:1.5;SSC-06:1.5,docs/task-world-opportunities/task-cards/mechanical/oxygen-requirements.md
pfr-volume,mechanical,reactor-sizing,SSC-14,1.5,SSC-10;SSC-06,SSC-14:1.5;SSC-10:1.5;SSC-06:1.5,docs/task-world-opportunities/task-cards/mechanical/pfr-volume.md
por-aor-compliance,mechanical,system-curves,SSC-15,1.5,SSC-06,SSC-15:1.5;SSC-06:1.5,docs/task-world-opportunities/task-cards/mechanical/por-aor-compliance.md
pressure-loss-calculation,mechanical,pipe-sizing-water,SSC-11,3.5,SSC-06;SSC-03,SSC-11:3.5;SSC-06:1.5;SSC-03:1.5,docs/task-world-opportunities/task-cards/mechanical/pressure-loss-calculation.md
pump-affinity-laws,mechanical,pump-sizing,SSC-06,3.5,SSC-01,SSC-06:3.5;SSC-01:1,docs/task-world-opportunities/task-cards/mechanical/pump-affinity-laws.md
pump-head-calculation,mechanical,pump-hydraulics,SSC-06,2.5,SSC-03,SSC-06:2.5;SSC-03:1.5,docs/task-world-opportunities/task-cards/mechanical/pump-head-calculation.md
pump-power-calculation,mechanical,pump-sizing,SSC-06,3.5,SSC-08;SSC-03,SSC-06:3.5;SSC-08:1.5;SSC-03:1.5,docs/task-world-opportunities/task-cards/mechanical/pump-power-calculation.md
pump-power-efficiency,mechanical,pump-hydraulics,SSC-06,5.5,SSC-08;SSC-03,SSC-06:5.5;SSC-08:1.5;SSC-03:1.5,docs/task-world-opportunities/task-cards/mechanical/pump-power-efficiency.md
sabine-rt60,mechanical,fundamental-calculations,SSC-12,2.5,SSC-08;SSC-06,SSC-12:2.5;SSC-08:2.5;SSC-06:1.5,docs/task-world-opportunities/task-cards/mechanical/sabine-rt60.md
slr-calculation,mechanical,clarifier-design,SSC-10,3.5,SSC-04,SSC-10:3.5;SSC-20:1.5;SSC-04:1,docs/task-world-opportunities/task-cards/mechanical/slr-calculation.md
sludge-production,mechanical,activated-sludge,SSC-10,3.5,SSC-06,SSC-10:3.5;SSC-06:1.5,docs/task-world-opportunities/task-cards/mechanical/sludge-production.md
sor-calculation,mechanical,clarifier-design,SSC-10,3.5,SSC-06,SSC-10:3.5;SSC-20:1.5;SSC-06:1.5,docs/task-world-opportunities/task-cards/mechanical/sor-calculation.md
spl-log-sum,mechanical,fundamental-calculations,SSC-12,3.5,SSC-06,SSC-12:3.5;SSC-06:1.5,docs/task-world-opportunities/task-cards/mechanical/spl-log-sum.md
sprinkler-discharge,mechanical,sprinkler-hydraulics,SSC-19,2.5,SSC-06,SSC-19:2.5;SSC-20:1.5;SSC-06:1.5,docs/task-world-opportunities/task-cards/mechanical/sprinkler-discharge.md
srt-calculation,mechanical,fundamental-calculations,SSC-10,4.5,SSC-06,SSC-10:4.5;SSC-20:1.5;SSC-06:1.5,docs/task-world-opportunities/task-cards/mechanical/srt-calculation.md
steel-critical-temp,mechanical,structural-fire,SSC-19,2.5,SSC-14;SSC-15,SSC-19:2.5;SSC-14:2.5;SSC-20:1.5;SSC-15:1.5,docs/task-world-opportunities/task-cards/mechanical/steel-critical-temp.md
t-squared-hrr,mechanical,design-fire,SSC-19,3.5,SSC-17,SSC-19:3.5;SSC-17:1.5,docs/task-world-opportunities/task-cards/mechanical/t-squared-hrr.md
thrust-force-calculation,mechanical,thrust-restraint,SSC-11,4.5,SSC-06;SSC-03,SSC-11:4.5;SSC-06:1.5;SSC-03:1.5,docs/task-world-opportunities/task-cards/mechanical/thrust-force-calculation.md
velocity-check,mechanical,pipe-hydraulics,SSC-11,2.5,SSC-06;SSC-03,SSC-11:2.5;SSC-06:1.5;SSC-03:1.5,docs/task-world-opportunities/task-cards/mechanical/velocity-check.md
vibration-transmissibility,mechanical,vibration,SSC-12,2.5,SSC-06,SSC-12:2.5;SSC-06:1.5,docs/task-world-opportunities/task-cards/mechanical/vibration-transmissibility.md
visibility-criterion,mechanical,tenability-assessment,SSC-19,3.5,SSC-08;SSC-17,SSC-19:3.5;SSC-08:2.5;SSC-17:1.5,docs/task-world-opportunities/task-cards/mechanical/visibility-criterion.md
water-supply-curve,mechanical,hydrant-flow-test,SSC-19,3.5,SSC-06,SSC-19:3.5;SSC-06:2.5;SSC-20:1.5,docs/task-world-opportunities/task-cards/mechanical/water-supply-curve.md
wave-speed-calculation,mechanical,transient-analysis,SSC-11,2.5,SSC-06;SSC-03,SSC-11:2.5;SSC-06:1.5;SSC-03:1.5;SSC-04:1;SSC-01:1,docs/task-world-opportunities/task-cards/mechanical/wave-speed-calculation.md
berthing-energy-calc,structural,berthing-energy,SSC-14,2.5,SSC-04;SSC-17,SSC-14:2.5;SSC-04:1.5;SSC-17:1,docs/task-world-opportunities/task-cards/structural/berthing-energy-calc.md
bracket-load-calc,structural,bracket-connection,SSC-14,4.5,SSC-09,SSC-14:4.5;SSC-09:1.5,docs/task-world-opportunities/task-cards/structural/bracket-load-calc.md
carbon-equivalent-calc,structural,steel-specification,SSC-15,3.5,SSC-14,SSC-15:3.5;SSC-14:1.5,docs/task-world-opportunities/task-cards/structural/carbon-equivalent-calc.md
composite-section,structural,superstructure-design,SSC-14,3.5,SSC-15,SSC-14:3.5;SSC-15:2.5,docs/task-world-opportunities/task-cards/structural/composite-section.md
construction-tolerance,structural,construction-tolerance,SSC-14,1.5,SSC-09;SSC-16,SSC-14:1.5;SSC-09:1.5;SSC-16:1,docs/task-world-opportunities/task-cards/structural/construction-tolerance.md
effective-wind-area,structural,wind-load-analysis,SSC-09,3.5,SSC-14,SSC-09:3.5;SSC-14:2.5,docs/task-world-opportunities/task-cards/structural/effective-wind-area.md
fender-energy-check,structural,fender-design,SSC-14,2.5,SSC-04;SSC-17,SSC-14:2.5;SSC-04:2.5;SSC-17:1,docs/task-world-opportunities/task-cards/structural/fender-energy-check.md
gravity-base-stability,structural,wind-turbine-foundations,SSC-14,5.5,SSC-07;SSC-09,SSC-14:5.5;SSC-07:2.5;SSC-09:1.5,docs/task-world-opportunities/task-cards/structural/gravity-base-stability.md
lap-splice-length,structural,rebar-detailing,SSC-14,2.5,,SSC-14:2.5,docs/task-world-opportunities/task-cards/structural/lap-splice-length.md
load-combinations,structural,load-analysis,SSC-14,3.5,SSC-09,SSC-14:3.5;SSC-09:1.5,docs/task-world-opportunities/task-cards/structural/load-combinations.md
mooring-line-capacity,structural,marine-mooring,SSC-14,2.5,SSC-04,SSC-14:2.5;SSC-04:2.5,docs/task-world-opportunities/task-cards/structural/mooring-line-capacity.md
pipe-support-dead-load,structural,pipe-support,SSC-14,4.5,SSC-11;SSC-06,SSC-14:4.5;SSC-11:2.5;SSC-06:1.5;SSC-03:1,docs/task-world-opportunities/task-cards/structural/pipe-support-dead-load.md
scm-substitution,structural,concrete-mix-design,SSC-15,5.5,SSC-14,SSC-15:5.5;SSC-14:1.5,docs/task-world-opportunities/task-cards/structural/scm-substitution.md
target-strength-calc,structural,concrete-mix-design,SSC-15,4.5,SSC-14,SSC-15:4.5;SSC-14:1.5,docs/task-world-opportunities/task-cards/structural/target-strength-calc.md
thermal-movement-calc,structural,movement-tolerance,SSC-15,1.5,SSC-14;SSC-09,SSC-15:1.5;SSC-14:1.5;SSC-09:1.5,docs/task-world-opportunities/task-cards/structural/thermal-movement-calc.md
