cluster_id,cluster_name,shared_subworld,card_memberships,primary_cards,disciplines,discipline_count,score_total,shared_subworld_concreteness,cross_discipline_distance,verifier_locality,source_pack_realism,event_value,stage_substrate,candidate_product,main_risk,top_task_cards,overlay
SSC-07,"Ground investigation, groundwater, and soil/resistivity world","borehole/CPT/SPT logs, groundwater record, soil profile, resistivity/grounding test area",22,17,civil;electrical;ground;structural,4,30,5,5,5,5,5,5,Soil and groundwater as both structural stability and electrical safety medium,Soil strength and soil resistivity are adjacent but not interchangeable; authority partition is critical.,"exit-gradient, fos-rapid-drawdown, fos-seismic, fos-steady-state, lateral-earth-pressure, retaining-wall-stability, solar-array-wind-load, uplift-pressure, wave-breaking, grid-resistance",no
SSC-01,Road/corridor profile and traffic scene,"road vertical profile, chainage, crossfall, road speed, intersections, roadside equipment",18,9,civil;electrical;mechanical,3,29,5,4,5,5,5,5,Road low-point drainage and field equipment resilience,Needs a profile/drainage/equipment source pack without overclaiming full flood modelling.,"curve-elements, design-wind-pressure, driveway-gradient-check, intersection-sight-distance, min-curve-radius, ssd-on-grade, superelevation-rate, all-red-interval-calculation, bandwidth-calculation, handling-capacity",no
SSC-14,"Structural load, support, foundation, and connection world","load schedule, support layout, foundation plan, connection/bracket/member schedule, material actions",46,17,civil;electrical;ground;mechanical;structural,5,28,4,5,5,5,4,5,"Cross-discipline support/foundation package for pipe, facade, equipment, and retaining loads",Very powerful but broad; must pick one physical support/foundation layout.,"design-wind-pressure, design-wind-speed, exit-gradient, fos-rapid-drawdown, fos-seismic, fos-steady-state, hudson-armor-sizing, lateral-earth-pressure, pipe-invert-calculation, retaining-wall-stability",no
SSC-11,"Piping network, transient, thrust, and support world","P&ID/pipe alignment, supports, restraints, transient event, thrust block/foundation interfaces",35,11,civil;electrical;ground;mechanical;structural,5,28,4,5,5,5,4,5,Pipe transient to support/foundation and protection-trip package,Transient event definition and support/foundation geometry must be source-owned.,"darcy-weisbach-headloss, exit-gradient, flap-gate-headloss, fos-rapid-drawdown, fos-seismic, fos-steady-state, hazen-williams-headloss, hgl-check, lateral-earth-pressure, linear-wave-theory",no
SSC-03,"Stormwater catchment, drainage, and hydraulic grade world","catchment plan, rainfall/time-series, drainage long section, pits, pipes, detention/outfall structures",35,17,civil;mechanical,2,27,5,3,5,5,4,5,Drainage network plus downstream pump/equipment or road low-point package,Can collapse into natural civil drainage unless joined to a non-civil shared surface.,"culvert-capacity, darcy-weisbach-headloss, detention-volume-preliminary, downpipe-sizing, flap-gate-headloss, gutter-sizing, hazen-williams-headloss, hgl-check, mannings-pipe-capacity, open-channel-capacity",no
SSC-17,"Energy resource, storage, resilience, and operating time-series world","solar/weather/load/gas/energy records, BESS/PV, biogas, critical load/autonomy, operating profile",62,13,civil;electrical;mechanical;structural,4,27,4,5,4,5,4,5,"Energy resilience product joining PV/BESS, biogas, critical load, and feeder assumptions",Strong but can duplicate PV-storage unless treatment/process or resilience surface is explicit.,"culvert-capacity, detention-volume-preliminary, downpipe-sizing, flap-gate-headloss, freeboard-calculation, gutter-sizing, hgl-check, mannings-pipe-capacity, open-channel-capacity, orifice-outlet-design",no
SSC-06,"Equipment layout, motor schedule, and duty-point world","equipment layout, pump/blower/compressor/motor schedule, duty point, equipment datasheet/curve",64,11,civil;electrical;mechanical;structural,4,27,4,5,4,5,4,5,"Pump/blower duty to electrical load, acoustic impact, support/foundation package",Needs actual curve/datasheet or task-owned equipment schedule to avoid handwavey selection.,"bund-volume-calculation, cerc-longshore-transport, curve-elements, darcy-weisbach-headloss, hazen-williams-headloss, hudson-armor-sizing, linear-wave-theory, min-curve-radius, npsh-calculation, pipe-velocity-check",no
SSC-10,"Process wastewater, treatment, and plant energy world","process basis, PFD, influent/effluent samples, basin schedules, aeration/sludge/biogas records",15,11,civil;electrical;mechanical,3,27,5,4,4,5,4,5,"Wastewater energy island: process loads, biogas, PV/BESS, feeder",Mostly process/mechanical until electrical load or energy schedule evidence is added.,"pump-power-calc, 4-20ma-scaling, biogas-production, chemical-dosing, cstr-volume, hrt-calculation, mass-balance, mlss-inventory, nitrification-srt, oxygen-requirements",no
SSC-05,"Electrical SLD, feeder, load, and protection world","single-line diagram, load schedule, feeder/cable identity, fault/protection basis, switchboard geometry",48,14,electrical,1,26,5,1,5,5,5,5,"Feeder/SLD shared subworld for BESS, pump, fire, PoE, and arc-flash products",Many tasks are electrical-only unless a mechanical/civil equipment schedule is included.,"ac-resistance-temperature, access-controller-sizing, all-red-interval-calculation, bandwidth-calculation, battery-sizing, bess-sizing, bess-sizing-basic, busbar-forces, cable-ampacity, car-dimensions-check",no
SSC-02,"Rail corridor profile, signalling, and OLE","rail route profile, chainage, gradient, speed, signal layout, OLE span/weather envelope",12,10,civil;electrical;mechanical,3,26,4,4,4,4,5,5,"Rail weather, OLE sag, signal sighting, braking, and drainage clearance",Operator standards and sighting/STOPDIST evidence are harder to source publicly.,"cant-calculation, driveway-gradient-check, thermal-stress-calculation, transition-spiral-length, vertical-curve-design, overlap-calculation, power-load-calculation, signal-sighting-distance, single-span-sag-tension, warning-time-calculation",no
SSC-19,"Fire, hazard, suppression, and tenability world","fire strategy, sprinkler/hydrant/supply, design fire/visibility/steel temperature, hazardous inventory",11,8,civil;electrical;mechanical,3,26,4,4,4,5,5,4,BESS/fire/hazard package or fire-water/structural-fire/arc-flash safety product,Standards and accepted calculation evidence are high-risk; public data may be sparse.,"bund-volume-calculation, incident-energy, available-flow-calculation, elevation-pressure, friction-loss-hazen-williams, nac-load-calculation, sprinkler-discharge, steel-critical-temp, t-squared-hrr, visibility-criterion",no
SSC-09,"Roof/facade/envelope wind, drainage, and fixing world","roof/facade geometry, pressure zones, PV/racking layout, gutters/downpipes, brackets/tolerances",16,2,civil;electrical;structural,3,26,5,4,5,5,4,3,"Roof/facade/PV wind, drainage, access tolerance, and fixing package","Needs geometry ownership so wind, drainage, and fixing zones do not drift.","design-wind-pressure, design-wind-speed, downpipe-sizing, gutter-sizing, roadway-spread, sls-load-combinations, solar-array-wind-load, uls-load-combinations, ice-load-calculation, wind-load-conductor",no
SSC-04,"Coastal, flood, wave, and marine boundary world","coastal profile, tide/SLR table, wave climate, runup/freeboard, outfall/asset level",13,9,civil;mechanical;structural,3,25,4,4,4,4,4,5,Coastal flood/outfall/pump/electrical elevation package,Datum and planning-horizon control must be explicit before joining assets.,"cerc-longshore-transport, freeboard-calculation, hudson-armor-sizing, linear-wave-theory, outfall-submergence-check, tidal-prism, wave-breaking, wave-runup, wave-shoaling, slr-calculation",no
SSC-08,"Building occupancy, room, egress, and vertical movement world","floor/room plan, occupancy/population schedule, egress route, lift/escalator group, fire alarm zones",20,7,electrical;mechanical,2,25,5,3,4,5,4,4,"Station population, vertical movement, egress, alarm, and ventilation package",Can become too broad unless scoped to one floor/zone and scenario.,"access-controller-sizing, all-red-interval-calculation, car-dimensions-check, cctv-storage-calculation, escalator-capacity, handling-capacity, interval-calculation, lux-level-calculation, ppm-calculation, shaft-dimensions",no
SSC-15,Material/product compliance and certificate world,"mill/product certificate, material chemistry, mix design, product datasheet, code compliance note",14,6,civil;electrical;mechanical;structural,4,24,4,5,3,5,3,4,"Product compliance package spanning steel, concrete, equipment, and electrical component data",Often evidence assembly rather than long-horizon physical composition.,"driveway-gradient-check, pipe-velocity-check, sewer-slope-check, ac-resistance-temperature, busbar-forces, voltage-drop, occupant-load, por-aor-compliance, steel-critical-temp, carbon-equivalent-calc",no
SSC-13,"Lighting, visual performance, ITS, CCTV, and communications scene","road/room/field lighting grid, CCTV coverage, VMS/message library, topology and bandwidth/power",18,12,electrical,1,23,4,1,4,5,4,5,"Visual operations package for road users, ITS, CCTV, lighting, and comms power","Needs a concrete scene/layout, otherwise it is a loose collection of devices.","bandwidth-calculation, cctv-storage-calculation, conduit-fill-calculation, fiber-link-loss-budget, interior-uniformity, leni-calculation, lux-level-calculation, overlap-calculation, poe-power-budget, ppm-calculation",no
SSC-16,"Construction, temporary works, environmental controls, and staging world","construction staging plan, erosion/sediment controls, temporary traffic/comms/power, site monitoring",8,2,civil;electrical;structural,3,23,4,4,4,4,4,3,"Construction environmental controls, temporary traffic, and monitoring power package",Temporary works artifacts vary widely and can become scenario prose without drawings.,"bund-volume-calculation, cerc-longshore-transport, design-wind-speed, freeboard-calculation, pollutant-load-estimate, sediment-basin-sizing, string-sizing, construction-tolerance",no
SSC-12,"Acoustic, vibration, and receiver-impact world","equipment noise/vibration schedule, source map, receiver plan, octave spectra, operating scenario",6,6,mechanical,1,19,4,1,4,4,3,3,Equipment power/duty to acoustic/vibration receiver impact package,Small current card substrate unless joined to equipment and site layout clusters.,"a-weighting, distance-attenuation, miner-fatigue, sabine-rt60, spl-log-sum, vibration-transmissibility",no
SSC-18,"Instrumentation, controls, valve, and process signal world","P&ID, loop schedule, valve datasheet, 4-20 mA range, control/protection settings",2,2,electrical,1,15,3,1,3,4,3,1,"Instrumentation/control package tying process value, valve Cv, signal scaling, and protection settings",Current catalogue substrate is thin; likely a follow-up after process/piping worlds.,"cv-liquid-incompressible, 4-20ma-scaling",no
SSC-20,"Regional standards, authority, and review packet overlay","standard/owner/AHJ criteria, permits, forms, design report package, source authority gates",0,0,,0,0,3,1,3,5,4,1,Authority overlay for any shared-subworld product,Overlay only; not ranked as a physical product cluster.,,yes
